{"hours":0.1408505,"energy":8.5516375}