{"hours":0.07000155555555555,"energy":4.250094444444445}