{"hours":0.39781077777777774,"energy":24.15279722222222}