{"hours":0.5144883333333332,"energy":31.23679166666666}