{"hours":0.5844937777777778,"energy":35.48712222222221}