{"hours":0.257691,"energy":15.645525}