{"hours":0.32779638888888885,"energy":19.90192361111111}