{"hours":2.9260493888888885,"energy":177.65299861111112}