{"hours":0.1875187222222222,"energy":11.385065277777777}