{"hours":0.8101484999999999,"energy":49.18758749999999}